Id,UserId,RoleId,EmploymentDate,DismissalDate,Email,Probation,password
21,4,1,1900-01-01,NULL,admin@admin.com,0,$2b$12$0nu9U0cbEusR2GEWW7gyLei6yfz7W5M.rP2CMSeZ1P4teeFl9wQAq
22,2192,1,2000-01-01,NULL,MSkorokhod@verdict.kiev.ua,0,$2b$12$Wl/Yt1hD5k3X.0Bz4lxNheuL3k.xEWfYLQiE.Yls6ClGfvQmkUWPu
25,5323,2,2021-04-27,NULL,ARubel@verdict.kiev.ua,0,$2b$12$RQuf57B/gU2wQF43SFLey.WVbwBFuNT0S5ajvtfs9WV5GUP48Pw6u
27,4942,3,2020-07-20,NULL,LKovalenko@credex.com.ua,0,$2b$12$tSxZJuYyuGbf9izL7GAYo.E/BtUgImSaR.7erkQzan.aG6jEcllcu
28,5176,3,2020-12-23,NULL,UDerkach@credex.com.ua,0,$2b$12$a9Mxwi3Zqh8ijjaeHMoA4uaBKBrf9cG2ql2kJrPY9bzDSg18ik/06
29,5325,3,2021-04-29,NULL,MVylyvok@credex.com.ua,0,$2b$12$3aPqQ6ugetrdY3DfaZjjk.gvO4zjdfVQgU6hGIe3H/4p8FElTq8qC
30,2355,2,2009-01-01,NULL,IMelnychuk@verdict.kiev.ua,0,$2b$12$nLJ6ixbwuoYqDtwuj.xUw.SRsWttsQuGZSpwdz229AhpbT9GqqVyG
31,5223,3,2021-02-04,NULL,Inalegach@credex.com.ua,0,$2b$12$B0rH9NOYsKoXpmlcBT4Ke.hYg0mPM68jEo1jw91k0kKyeOri1CVAy
32,5272,3,2021-03-22,NULL,DMuliukov@credex.com.ua,1,$2b$12$Q8.iUo.NiEWHnrzn.Inl6eqRDmygS5ixDMbNmuXPl7B7wkIzwSrCm
33,3534,3,2015-08-14,NULL,Ikozel@credex.com.ua,0,$2b$12$r7IdGtOmPT8vGCSOD.Kp3epRyTV4f4DsJlKuY4Lg6rg3.WUCfi8Ra
34,2742,3,2013-09-17,NULL,Okhilchenko@credex.com.ua,0,$2b$12$CsXjxW9nLoOVWdZ8VV7kAeF4CuvIcgChcViSAIZeb5yI7pgkzM5qW
35,3579,3,2015-10-23,NULL,VShkurko@credex.com.ua,0,$2b$12$SXmPAkjNuYqRNY8mCpXEuOAA6er/SHZTC7z1csPNgQpsdWyXt4zm.
36,4439,3,2018-12-26,NULL,Mmostova@credex.com.ua,0,$2b$12$LMU3lRh6ZFqWWjv9oWWLx.Tivr85wHMfDhvJSd3ERa9RTrkIwUsy.
37,4679,3,2019-09-18,NULL,Lguts@credex.com.ua,0,$2b$12$80AyzvSlIgBNSkfe7Iuu7.FZXog71qAW6fvQFyDJxq2X678Bqg4ny
38,4306,3,2020-07-01,NULL,ABartash@verdict.kiev.ua,0,$2b$12$iZb8hkGdMX.oO0n/6ibrDebnrwOI6JnyWylRYxUB.nCTxLfEPGIVa
39,4532,3,2019-12-02,NULL,Losypchuk@credex.com.ua,0,$2b$12$9ioGLS3kFa.ewutLEbzRBeSvMgw4M3i3hFqNwJoKOmQfiXDfW4Skm
40,4485,2,2019-02-08,NULL,IEroshenko@credex.com.ua,0,$2b$12$iIZcvjeav1gf/f9YQ0d7S..c5pfexXJ/3e9g9GQVxZGeBguaGCx1a
41,4822,3,2020-02-06,NULL,Amazurenko@credex.com.ua,0,$2b$12$KjMzefDOGs4D/EAa6q/kd.1xztffCZBDOmxmdWlsOVBs9/N1kGcEO
42,4788,3,2020-01-09,NULL,IDubrova@credex.com.ua,0,$2b$12$iX.gZyLxfc8gpGQ4Iz5YXuuzwbvRwi9RC6rDqeMbPxtZw.rk/5YSG
43,5024,4,2021-05-12,NULL,Vkondra@credex.com.ua,0,$2b$12$KOLuFL08nBatGRzPLKrlVOo/K9dakTt/nZBAoXxygZmNnHPO42glu
44,5107,3,2020-11-11,NULL,Okarpenko@credex.com.ua,0,$2b$12$4BWUunhaH4Q3fZp4Q21xP.OsJqOcg0t5DaFhpuG/BAZXaudpnhXju
45,5126,3,2020-11-26,NULL,OGuba@credex.com.ua,0,$2b$12$7/dMireb7Cm1w3pCbIAHwekw97H41vtmZ4NaSKjzR2TGYmvIJ1HSi
46,5239,3,2021-02-17,NULL,Osyvoraksha@credex.com.ua,0,$2b$12$F8g8y7jvmFnxU5E1oaWvZeZxDjCYNnNYKTAI1AOgJxf7spmXU4U2S
47,5273,3,2021-03-22,NULL,NOzered@credex.com.ua,1,$2b$12$3vsd9d.IAUKPyOnCrjh40.gpaOoMu6cTbvMHMwEljdXrQWjRaFXkS
1033,4690,4,2010-09-27,NULL,TAndreichenko@verdict.kiev.ua,0,$2b$12$iQAIOyyI29LQebq3KZkdk.df/MaWuKsmNr38NlbZgMehqJhx0U2XC
1034,4631,4,2017-10-09,NULL,ISydorenko@verdict.kiev.ua,0,$2b$12$t2075jWC4p4bPtI0V5bpkeU0iCFvjTBY1uhYWFwVjqZ8Eg9NnoBaG
1035,2744,2,2013-09-17,NULL,OBielikova@verdict.kiev.ua,0,$2b$12$ro4QcqdhqxbDDc8jIAxBQuYg.CQF2IGNd3fXS0Vke00cDvu7l24Sm
1036,4729,2,2019-11-04,NULL,YNovikova@verdict.kiev.ua,0,$2b$12$TXOjKNKu2G.It3yuOMZIK.hkngd76NmiFxiQTl7cK75mactub5Gb.
1037,4728,2,2019-11-04,NULL,DDemydenko@verdict.kiev.ua,0,$2b$12$GrUvElJ8RlPuot.yX3fdyurYXQ2rZpYQ8OTq7Mc.hzSxbgeZUyYUu
1038,4233,2,2018-03-05,NULL,DRepetska@verdict.kiev.ua,0,$2b$12$jplZ0/rIi.G4qV.psVNAd.aKU0VKIr3aFnQJl88rv/TdF3a102W4a
1039,4463,2,2019-02-04,NULL,LKubay@verdict.kiev.ua,0,$2b$12$qBHh07RcEU5sb.qKocR3cO5qjwLcF.GL27PxLp5755l.2fLgWaWPe
1040,5189,2,2021-01-11,NULL,ABondar@verdict.kiev.ua,0,$2b$12$QSCUSBI//fZIOHAJXMo65.BWeoSqQjPNVetZyePkvr2bFD36s4DM2
1044,3871,3,2016-11-16,NULL,LSavenko@credex.com.ua,0,$2b$12$e2OcKtZsQP.kO3MzHSasFe.aj3uuhm5NdXyzdYxmDJmVnECWZ289S
1045,4400,3,2018-10-04,NULL,OVTkachenko@credex.com.ua,0,$2b$12$2eexh5J6nPBXHO149tNVz.3b/MR1a.s63cwlQ7G5Qmiych5JUSlFW
1046,2250,3,2020-01-15,NULL,VAdamenko@credex.com.ua,0,$2b$12$z3rGo9BypVJQH2XB22RSceQiLbF3/SNgH8g6nbbDiQfU3rgYdfj..
1047,3551,3,2015-09-01,NULL,DIefimchuk@credex.com.ua,0,$2b$12$7w1HIcWyqAPEFX/M47joYuQvwMi8UqJuUlxLHJspO4N3AQFvUwPXq
1048,4483,3,2019-02-08,NULL,MVolyk@verdict.kiev.ua,0,$2b$12$n4e2Qzc40ccKyQs/BfI8f.6rug2Gxp51s/60Ut1l1gXX1XDuhHvrq
1049,4731,3,2019-11-04,NULL,RCherniavska@credex.com.ua,0,$2b$12$5Yih7u8LaSC66fUjPs9MyOpowPrIp1H0hvsg7R5v8u5LZMj79zT4i
1050,2427,3,2012-03-23,NULL,OGolodna@credex.com.ua,0,$2b$12$BWbYgz1zbJYy86JBUEsAveGZ0/XQnbkqQ6UqWtH//37ikwp2b2kFe
1051,2906,3,2017-02-15,NULL,TIurchenko@credex.com.ua,0,$2b$12$2ZzOcYtuxn40vxdAaYWzvuIfE6XzEzI076sdj98TwPHgWuTmS5Wv.
1052,3623,3,2015-10-21,NULL,AChygorevska@credex.com.ua,0,$2b$12$Tn.CPbe8YCWX/FVnBzbhxuZ/Rr1mdCp3qCYp3qOm6sdcsx5LAN2V2
1053,4850,3,2020-03-04,NULL,AZhorova@credex.com.ua,0,$2b$12$F8WnHhexKVyaEjJYguhym.7BBOntAHgtvgY4UhRzf3vRRgrIPCo8q
1055,5157,3,2020-12-14,NULL,IZakharchenko@credex.com.ua,0,$2b$12$PWQVmOX0i/JzveP/NaWkD.hCMC.Ow.wzwlKnGlWdD48Lkq3hs87JC
1056,5299,3,2021-04-07,NULL,VVovk@credex.com.ua,1,$2b$12$jlEM.jxUiAKvGljwMPmUh.KwglHudsfrdG7HUjl.iFoFxMV0Z7lIy
1057,4711,4,2019-10-25,NULL,NShapetko@verdict.kiev.ua,0,$2b$12$OOocXFzrpzqpahQDzXM.6.6rTv7.ANTdLgiqEOhMkF6be8rLDPoqO
1058,5117,3,2021-02-16,NULL,TPundyk@credex.com.ua,0,$2b$12$JhuH7WaZnpsr/TYK22RBkePFQuSbDgLMw43z58Dhh2oaR4uEiF.xK
1059,2358,3,2011-09-01,NULL,ADenysenko@verdict.kiev.ua,0,$2b$12$CQ.rCzLhSZVFnnNyerlGD.mJX6SzjQ6IXHBzFLxKQm9Dg2wzyQEn6
1060,3497,3,2015-07-18,NULL,DZubok@verdict.kiev.ua,0,$2b$12$t8aCjOKrs1LdYqzWQeI.o.nzKTgbKNrxCFbCand6bt4Cwr8MINRyy
1061,4815,3,2020-01-30,NULL,VVorontsova@credex.com.ua,0,$2b$12$pD525TdvBJty1ucrssYO3.maT.iR7kjBvZC7WCIbtumCt03K3ILSO
1062,5089,3,2020-10-29,NULL,IVerkhovod@credex.com.ua,0,$2b$12$uzzFHxlFVwN5Fub9eZXCVurTIZ/NPnZGjYcfJL8eNGRfI3aJo4JNK
1063,4769,3,2020-11-23,NULL,MPopravka@credex.com.ua,0,$2b$12$dLxF2qoFFjQfkwrFhLC07uHB448U8xGjzgHLXMMfWReMtwyNgA2vC
1064,5124,3,2020-11-26,NULL,AGorkova@credex.com.ua,0,$2b$12$mE0e8c5Zuuzg.6ofCmU3eeQKLOKIvo6EQsTABAfe6wa1pZlPaNdjC
1065,5160,3,2020-12-15,NULL,ATurbai@credex.com.ua,0,$2b$12$T9W.L6dXIxoKElrVE2LrTeyhheGGIu.O2OC865txQ1pTNvSGIfKvy
1066,5159,3,2020-12-15,NULL,VBaikov@credex.com.ua,0,$2b$12$ux1miH/mtzvOfMXS5jtqqeZgmss6vLqbX66FdNYk9DXPENnd.YGfm
1067,5253,3,2021-03-11,2022-01-25,GZariada@credex.com.ua,0,$2b$12$fz.h5FhUV4I.LjjMBkzZ7e0fR4FOKYHB8W36.UVMjwidDIX0tVEDW
1068,5256,3,2021-03-12,2021-09-01,OMykhailiuk@credex.com.ua,1,$2b$12$COwAfwqFKWiybUCWgN/X7.bstfHRYF5SPpLwrFWIJTIr9ScH0d3a.
1069,5283,3,2021-03-31,2021-09-01,OKisilova@credex.com.ua,1,$2b$12$mX93UHn1piyfye58L38JXuW4bPTYVXSou.ro3kNPUaR1WkXq2Gv3C
1070,5296,3,2021-04-06,NULL,NKoba@credex.com.ua,0,$2b$12$q72.5GR3COeVK1SmZX8uEuIwe6LUy2wZCuRErlY8JsLUKZmjxOSJy
1071,5318,3,2021-04-22,2021-05-19,AViunnyk@credex.com.ua,1,$2b$12$phgDq/HRg4r87LZKp.YAdunsOmq26RfwUWDQX8f8.fOzRHKw4gupq
1072,5326,3,2021-04-29,2021-06-30,IVasko@credex.com.ua,1,$2b$12$AR10d8lp3UVVbtWbG3JCQOTWFYSuwW5yI6ZtJPz6ELHx7DAOBVxRK
1073,4816,3,2020-01-30,NULL,DButsaieva@credex.com.ua,0,$2b$12$ZdInNXfmu.gEmiXmNM.zsuBKmFrS3NrYoC2LzrWl.bVutTYTlLzOq
1074,4874,3,2020-11-26,2021-10-12,VTsybanov@credex.com.ua,0,$2b$12$k3Z6WjIkfXN5KWO8IBIEfOiJOwFWGMmrW1e1m.B1foLfwD6FBKzOG
1075,4969,3,2020-08-03,2023-01-20,IHladka@credex.com.ua,0,$2b$12$SjIAxDtiC.u7PAWEtvRBHe5F55FA1xN5Z8DZXg2DqVWXml2AgUYOO
1076,5055,3,2020-09-21,NULL,VDankova@credex.com.ua,0,$2b$12$y7QFkZmNjYNdH0eQsdayIeJSwhlg/JolFWoud4J7bbALIBdrsElzm
1077,5169,3,2020-12-18,NULL,IStavytska@credex.com.ua,0,$2b$12$fn53pSLV65a5STclNOPlUeFARhr1KtRfABUgSTOaH0EGvOv4GQa9q
1078,5242,3,2021-03-01,NULL,NShcherbakova@credex.com.ua,0,$2b$12$lGI.RCa81efjUDGtJr8RQuOTiqts8I.DXisFOQP4kfOFF7EarFA8K
1079,5259,3,2021-03-17,NULL,OKochemasova@credex.com.ua,0,$2b$12$v/1JDAB8GbEhxidS/1x0yOnKkPJa6ssrewjMXic66yqWREBEocFzm
1080,5269,3,2021-03-19,NULL,LGovtvan@credex.com.ua,0,$2b$12$5iGh6yRD.SAl0XXp9zRJTOTfKu/1KadGjWIR8Vx0iBo6An2Cqth8u
1081,4890,3,2020-06-04,NULL,VSabinina@verdict.kiev.ua,0,$2b$12$kyr8JVxzxWpFmnBdviYD7.ZH9UR79Snoo47GT5PWREjQ9sTGAjIlG
1082,5313,3,2021-04-15,2021-08-03,IGorevyi@credex.com.ua,1,$2b$12$bLBNcc2v4uk/O.XGAOKeNe8esjcBCJaX8swGbBykR4Lhfb8ViCGF2
1083,5327,3,2021-04-29,2022-02-11,–êKozchenko@credex.com.ua,0,$2b$12$Ufs/GdORooYOtlcnTRUD6uIZoXR6GY/vxUqwkDT.17lzH/gz6lPne
1084,3954,3,2017-04-19,NULL,LNakonechnaya@credex.com.ua,0,$2b$12$ezK1SZSOb9bhPY81LOi4UONSXZOoH1yLlCfRdu8ROXDaa4we0yC0C
1085,4261,3,2018-07-03,NULL,TOpanashchuk@credex.com.ua,0,$2b$12$IlNgtP0uMasisHaHQTJl4elBcyQzJdPJ2R.CbYVX25CIuhc7rIhyW
1086,4475,3,2019-02-18,2021-12-02,OZhelobkov@credex.com.ua,0,$2b$12$ykFJXhfnAkcFKbxSj0yuUOIK/EtFHYB5EBfdj5exy6xVypyrxP5iS
1087,4459,3,2019-02-01,NULL,VKoval@credex.com.ua,0,$2b$12$eeeySHEUfTASwmzQe.ef2e9IJ.nQhvr4aOApknfRjARWx3Dza3S3O
1088,4689,3,2019-03-25,NULL,ONovachuk@credex.com.ua,0,$2b$12$lGX8CUXRMyZBNTOmmQ523uJQoulszM0PbmHowpAh6a0q2EgOjNv4m
1089,4720,3,2019-10-30,2021-08-03,MDembovska@credex.com.ua,0,$2b$12$XrA4ZjI7prTmW3gnwY.T.eC8KsbMgilqQyhp4WugWdDv/8Tposbpa
1090,4865,3,2020-03-13,2021-06-11,YDzhumiga@credex.com.ua,0,$2b$12$M.TXhNTepAinj97il6TU/uE7TgmWKjV4/8.zfXzlQClwA3D0ShD36
1091,5264,3,2021-03-18,2021-05-14,NMaksai@credex.com.ua,1,$2b$12$rkoE3ZC4w0I9qDGRZtIcZuMDknGXZvIQ7J1N4vUpTJFRYXwHVWAGu
1092,5266,3,2021-03-18,2021-06-11,VKolosiuk@credex.com.ua,1,$2b$12$Nz/QZ47qAW4muS/EHGC1DuJOYYZKJD06W9I2uqzWbAyAYpiMke8/C
1093,5290,3,2021-04-01,2021-06-29,ODereviashkin@credex.com.ua,1,$2b$12$fTVuI9bWedKH7MXmN1Skh.m8bOTt7u1NHS7z.vtvJOcNBNnocESfu
1094,5286,3,2021-04-01,2021-09-03,OKorniichuk@credex.com.ua,1,$2b$12$VliSnBmAMV/mWOIInRApMeFoYp9aWDSzdwKiHGe8ZgIysZtyyndxu
1095,5288,3,2021-04-01,2021-07-19,MIakovenko@credex.com.ua,1,$2b$12$rzJ33zX/btxTRQcJNsKb/.9AYaG27gLxOwSKVbgwRhunX7KzY2FPW
1096,5279,3,2021-03-25,NULL,DKelm@credex.com.ua,0,$2b$12$KQBGoIXejptL/jkqJtN6d.1uWZi7BGbQUfipjeqNl3vPci3.9arO.
1097,5300,3,2021-04-08,NULL,VHurskyi@credex.com.ua,0,$2b$12$lx6DC0DdkmNaMWM/OmfNZO/VBSte/MJFUoxT4npDQNcWpFjfsvgEi
1098,4921,3,2020-07-06,2021-11-15,DMuzychuk@credex.com.ua,0,$2b$12$OShpuJW1vMnbZGM/Null0O22SMbjapPzzU7fAwW/MZJuCVcUVQbtu
1099,3973,3,2017-05-22,NULL,OSubotin@credex.com.ua,0,$2b$12$dZU2MLNWhcic9Hf8revZteO1j5Y130b3ZW8hbbzDxu9.WPowl11/q
1100,4450,3,2019-01-15,NULL,SMirgorodsky@credex.com.ua,0,$2b$12$fEnGOROhmbvH7NH3UKGcAOOJdLR4h335z0G9zUBdgu./KRYrW.ZV.
1101,4619,3,2019-07-08,NULL,AKlimovych@credex.com.ua,0,$2b$12$6Uk0y1iRtuTqvC37GwIf6uYsXIW4aDedK79vzCXV4JleS8jrNIF5W
1102,4005,3,2017-07-17,NULL,TBulachok@credex.com.ua,0,$2b$12$3IB3Ca0wh.ZfApIVXuxDAOr5GdcGH62y0Fnep./lschDA5UnEO/jy
1103,4866,3,2020-03-16,2022-08-23,IBondar@credex.com.ua,0,$2b$12$8J.8Lrw7HKLeBgT4msCt4Ocog3KfCOOucY/Ml0JU6Gtz4diAMvYsG
1104,4867,3,2021-03-16,2022-11-10,YTkachuk@credex.com.ua,0,$2b$12$aIpCEWPCyfzCA.Z7roPOmeRW6Bk/XoTigbREBmHsVJv0D3F8nUJoK
1105,5185,3,2021-01-05,NULL,ZKlimovych@credex.com.ua,0,$2b$12$ouP49eVqG/j8gVF6BFTvA.BArTF3gJgFieTM8YQnJgmO5V6VtoBsy
1106,5267,3,2021-03-18,2021-05-12,TRokunets@credex.com.ua,1,$2b$12$R7e1UKwPJ/XZQMeIkD4MzOoQVb64yHxnscmgGkgxlsm7XFKoCXBAS
1107,5319,3,2021-04-22,2021-08-04,TPanchuk@credex.com.ua,1,$2b$12$m5wXAFZ.n.LvjlFvgLilNut9AmGSmY/3kkjRpxyPyAQXgx3X2HCYi
1108,5277,3,2021-03-25,NULL,OPtitsyn@credex.com.ua,1,$2b$12$ayZnDPu4NtPDqHvkuSY.cOupG2.UFtrthoFhTaiBzYPTX9iXBWXwG
1109,5287,3,2021-04-01,NULL,DKozyr@credex.com.ua,1,$2b$12$C2Y6zYjXsmXSH5R75CFtCu.SE6NvUNI93gWCaQ5dm2D6CS0c4OXxW
1110,5302,3,2021-04-08,2021-05-12,KVetrova@credex.com.ua,1,$2b$12$XV4omWwVVId5KUIqkunJnOXW/QjL1dtpQa//rfnbdah5DJ2t98aXy
1111,4909,3,2020-06-26,NULL,MVashchuk@credex.com.ua,0,$2b$12$mxmxu5q/jMN6gzRh7xxDTOLj8Nk6kuewHrEmB.qVFqWrBRqvXQrUS
1112,5328,3,2021-04-30,2021-08-13,IShakir@credex.com.ua,0,$2b$12$S7JUdIWxNDWeXh9o/qSuJOQOx9UTrD9EGlMxX3hoSB1G0qgdd/cIm